instance_id	original_repo_dir	--repos candidate	resolved_path	exists	is_dir	exact_expected	contains_repos_repos
django__django-11206	repos/django__django-11206	/data/workspace/symbol-locator-repair-20260826-083933/experiments/temperature_trace_pathfix_20260827-232041/source/SWE-Explore-Bench	/data/workspace/symbol-locator-repair-20260826-083933/experiments/temperature_trace_pathfix_20260827-232041/source/SWE-Explore-Bench/repos/django__django-11206	True	True	True	False
scikit-learn__scikit-learn-14141	repos/scikit-learn__scikit-learn-14141	/data/workspace/symbol-locator-repair-20260826-083933/experiments/temperature_trace_pathfix_20260827-232041/source/SWE-Explore-Bench	/data/workspace/symbol-locator-repair-20260826-083933/experiments/temperature_trace_pathfix_20260827-232041/source/SWE-Explore-Bench/repos/scikit-learn__scikit-learn-14141	True	True	True	False
django__django-11066	repos/django__django-11066	/data/workspace/symbol-locator-repair-20260826-083933/experiments/temperature_trace_pathfix_20260827-232041/source/SWE-Explore-Bench	/data/workspace/symbol-locator-repair-20260826-083933/experiments/temperature_trace_pathfix_20260827-232041/source/SWE-Explore-Bench/repos/django__django-11066	True	True	True	False
django__django-12304	repos/django__django-12304	/data/workspace/symbol-locator-repair-20260826-083933/experiments/temperature_trace_pathfix_20260827-232041/source/SWE-Explore-Bench	/data/workspace/symbol-locator-repair-20260826-083933/experiments/temperature_trace_pathfix_20260827-232041/source/SWE-Explore-Bench/repos/django__django-12304	True	True	True	False
django__django-10999	repos/django__django-10999	/data/workspace/symbol-locator-repair-20260826-083933/experiments/temperature_trace_pathfix_20260827-232041/source/SWE-Explore-Bench	/data/workspace/symbol-locator-repair-20260826-083933/experiments/temperature_trace_pathfix_20260827-232041/source/SWE-Explore-Bench/repos/django__django-10999	True	True	True	False
matplotlib__matplotlib-24026	repos/matplotlib__matplotlib-24026	/data/workspace/symbol-locator-repair-20260826-083933/experiments/temperature_trace_pathfix_20260827-232041/source/SWE-Explore-Bench	/data/workspace/symbol-locator-repair-20260826-083933/experiments/temperature_trace_pathfix_20260827-232041/source/SWE-Explore-Bench/repos/matplotlib__matplotlib-24026	True	True	True	False
django__django-15104	repos/django__django-15104	/data/workspace/symbol-locator-repair-20260826-083933/experiments/temperature_trace_pathfix_20260827-232041/source/SWE-Explore-Bench	/data/workspace/symbol-locator-repair-20260826-083933/experiments/temperature_trace_pathfix_20260827-232041/source/SWE-Explore-Bench/repos/django__django-15104	True	True	True	False
sympy__sympy-13647	repos/sympy__sympy-13647	/data/workspace/symbol-locator-repair-20260826-083933/experiments/temperature_trace_pathfix_20260827-232041/source/SWE-Explore-Bench	/data/workspace/symbol-locator-repair-20260826-083933/experiments/temperature_trace_pathfix_20260827-232041/source/SWE-Explore-Bench/repos/sympy__sympy-13647	True	True	True	False
pylint-dev__pylint-7277	repos/pylint-dev__pylint-7277	/data/workspace/symbol-locator-repair-20260826-083933/experiments/temperature_trace_pathfix_20260827-232041/source/SWE-Explore-Bench	/data/workspace/symbol-locator-repair-20260826-083933/experiments/temperature_trace_pathfix_20260827-232041/source/SWE-Explore-Bench/repos/pylint-dev__pylint-7277	True	True	True	False
scikit-learn__scikit-learn-10844	repos/scikit-learn__scikit-learn-10844	/data/workspace/symbol-locator-repair-20260826-083933/experiments/temperature_trace_pathfix_20260827-232041/source/SWE-Explore-Bench	/data/workspace/symbol-locator-repair-20260826-083933/experiments/temperature_trace_pathfix_20260827-232041/source/SWE-Explore-Bench/repos/scikit-learn__scikit-learn-10844	True	True	True	False
pylint-dev__pylint-4661	repos/pylint-dev__pylint-4661	/data/workspace/symbol-locator-repair-20260826-083933/experiments/temperature_trace_pathfix_20260827-232041/source/SWE-Explore-Bench	/data/workspace/symbol-locator-repair-20260826-083933/experiments/temperature_trace_pathfix_20260827-232041/source/SWE-Explore-Bench/repos/pylint-dev__pylint-4661	True	True	True	False
sphinx-doc__sphinx-8621	repos/sphinx-doc__sphinx-8621	/data/workspace/symbol-locator-repair-20260826-083933/experiments/temperature_trace_pathfix_20260827-232041/source/SWE-Explore-Bench	/data/workspace/symbol-locator-repair-20260826-083933/experiments/temperature_trace_pathfix_20260827-232041/source/SWE-Explore-Bench/repos/sphinx-doc__sphinx-8621	True	True	True	False
django__django-13410	repos/django__django-13410	/data/workspace/symbol-locator-repair-20260826-083933/experiments/temperature_trace_pathfix_20260827-232041/source/SWE-Explore-Bench	/data/workspace/symbol-locator-repair-20260826-083933/experiments/temperature_trace_pathfix_20260827-232041/source/SWE-Explore-Bench/repos/django__django-13410	True	True	True	False
django__django-11099	repos/django__django-11099	/data/workspace/symbol-locator-repair-20260826-083933/experiments/temperature_trace_pathfix_20260827-232041/source/SWE-Explore-Bench	/data/workspace/symbol-locator-repair-20260826-083933/experiments/temperature_trace_pathfix_20260827-232041/source/SWE-Explore-Bench/repos/django__django-11099	True	True	True	False
pytest-dev__pytest-6202	repos/pytest-dev__pytest-6202	/data/workspace/symbol-locator-repair-20260826-083933/experiments/temperature_trace_pathfix_20260827-232041/source/SWE-Explore-Bench	/data/workspace/symbol-locator-repair-20260826-083933/experiments/temperature_trace_pathfix_20260827-232041/source/SWE-Explore-Bench/repos/pytest-dev__pytest-6202	True	True	True	False
django__django-10973	repos/django__django-10973	/data/workspace/symbol-locator-repair-20260826-083933/experiments/temperature_trace_pathfix_20260827-232041/source/SWE-Explore-Bench	/data/workspace/symbol-locator-repair-20260826-083933/experiments/temperature_trace_pathfix_20260827-232041/source/SWE-Explore-Bench/repos/django__django-10973	True	True	True	False
django__django-15572	repos/django__django-15572	/data/workspace/symbol-locator-repair-20260826-083933/experiments/temperature_trace_pathfix_20260827-232041/source/SWE-Explore-Bench	/data/workspace/symbol-locator-repair-20260826-083933/experiments/temperature_trace_pathfix_20260827-232041/source/SWE-Explore-Bench/repos/django__django-15572	True	True	True	False
django__django-14752	repos/django__django-14752	/data/workspace/symbol-locator-repair-20260826-083933/experiments/temperature_trace_pathfix_20260827-232041/source/SWE-Explore-Bench	/data/workspace/symbol-locator-repair-20260826-083933/experiments/temperature_trace_pathfix_20260827-232041/source/SWE-Explore-Bench/repos/django__django-14752	True	True	True	False
pytest-dev__pytest-5809	repos/pytest-dev__pytest-5809	/data/workspace/symbol-locator-repair-20260826-083933/experiments/temperature_trace_pathfix_20260827-232041/source/SWE-Explore-Bench	/data/workspace/symbol-locator-repair-20260826-083933/experiments/temperature_trace_pathfix_20260827-232041/source/SWE-Explore-Bench/repos/pytest-dev__pytest-5809	True	True	True	False
pytest-dev__pytest-7205	repos/pytest-dev__pytest-7205	/data/workspace/symbol-locator-repair-20260826-083933/experiments/temperature_trace_pathfix_20260827-232041/source/SWE-Explore-Bench	/data/workspace/symbol-locator-repair-20260826-083933/experiments/temperature_trace_pathfix_20260827-232041/source/SWE-Explore-Bench/repos/pytest-dev__pytest-7205	True	True	True	False
